cod-barra;nr-pedrep;nr-vol-ped;nome-transp;nr-linha;nr-pedido;nr-pedcli;nr-carga;it-codigo;nr-volume;nr-sequencia;cod-box;desc-item-1;desc-item-2;nome-emit;cidade;estado;dt-embarque;medida;volume;
00000690031274015766435001;Antonio escr;003/064 ;RASADOR PR                                             ;49      ;5766435 ;5766435 ;332     ;690031 274       ;1       ;1       ;E       ;FITA BORDA PP 28X0,7MM 4M DUST               ;                                             ;INOVART MOVEIS PLANEJA;BIGUACU            ;SC;03/05/24  ;     ;01/01;
00000690031273015770008002;ANALUC/COZI ;079/146 ;RASADOR                                                ;49      ;5770008 ;5770008 ;322     ;690031 273       ;1       ;2       ;G       ;FITA BORDA PP 28X0,7MM 4M HIMALAIA           ;                                             ;RB COMERCIO DE MOVEIS ;CAMPINAS           ;SP;03/05/24  ;     ;01/01;
00000690031272015770730003;487-GIO-BSMA;001/003 ;TRANSTUTTI                                             ;49      ;5770730 ;5770730 ;330     ;690031 272       ;1       ;3       ;A       ;FITA BORDA PP 28X0,7MM 4M NUBLE              ;                                             ;DLM COMERCIO DE MOVEIS;PORTO ALEGRE       ;RS;03/05/24  ;     ;01/01;
00000690031272015770732004;487-GIOV-BS ;003/034 ;TRANSTUTTI                                             ;49      ;5770732 ;5770732 ;330     ;690031 272       ;1       ;4       ;A       ;FITA BORDA PP 28X0,7MM 4M NUBLE              ;                                             ;DLM COMERCIO DE MOVEIS;PORTO ALEGRE       ;RS;03/05/24  ;     ;01/01;
00000690031272015769407005;PAULA-DORMIT;017/185 ;RASADOR PR                                             ;49      ;5769407 ;5769407 ;332     ;690031 272       ;1       ;5       ;E       ;FITA BORDA PP 28X0,7MM 4M NUBLE              ;                                             ;IVANEO HILLESHEIM JP C;PALHOCA            ;SC;03/05/24  ;     ;01/01;
00000690031272015770277006;55432-1-ROSA;047/130 ;RASADOR                                                ;49      ;5770277 ;5770277 ;322     ;690031 272       ;1       ;6       ;G       ;FITA BORDA PP 28X0,7MM 4M NUBLE              ;                                             ;OLIVEIRA CABRAL COMERC;TABOAO DA SERRA    ;SP;03/05/24  ;     ;01/01;
00000690031272015771987007;6062 JULIO  ;002/051 ;CRISTOFOLI                                             ;49      ;5771987 ;5771987 ;331     ;690031 272       ;1       ;7       ;N       ;FITA BORDA PP 28X0,7MM 4M NUBLE              ;                                             ;DALMOLIN & ZANCHETTA L;GUARAPUAVA         ;PR;03/05/24  ;     ;01/01;
00000690031271015709361008;COZINHA     ;004/207 ;RASADOR PR                                             ;49      ;5709361 ;5709361 ;332     ;690031 271       ;1       ;8       ;E       ;FITA BORDA PP 28X0,7MM 4M ABISSAL            ;                                             ;BECK E CARNEIRO LTDA  ;CASTRO             ;PR;03/05/24  ;     ;01/01;
00000690031271015771611009;LILIA/COZ   ;005/060 ;RASADOR                                                ;49      ;5771611 ;5771611 ;322     ;690031 271       ;1       ;9       ;G       ;FITA BORDA PP 28X0,7MM 4M ABISSAL            ;                                             ;AP DESIGN MOVEIS PLANE;SAO PAULO          ;SP;03/05/24  ;     ;01/01;
00000690031270015771867010;7068AB SALA ;012/111 ;RASADOR PR                                             ;49      ;5771867 ;5771867 ;332     ;690031 270       ;1       ;10      ;E       ;FITA BORDA PP 28X0,7MM 4M URBE               ;                                             ;ALVES & SANTOS COM DE ;CURITIBA           ;PR;03/05/24  ;     ;01/01;
00000690031269015765540011;Adriana/cozi;063/084 ;DUMAR                                                  ;49      ;5765540 ;5765540 ;321     ;690031 269       ;1       ;11      ;B       ;FITA BORDA PP 28X0,7MM 4M NIMBO              ;                                             ;PLANEJAR COMERCIO DE M;VOTUPORANGA        ;SP;03/05/24  ;     ;01/01;
00000690031269015766950012;409914CZALI ;005/081 ;PAESE  R01                                             ;49      ;5766950 ;5766950 ;325     ;690031 269       ;1       ;12      ;J       ;FITA BORDA PP 28X0,7MM 4M NIMBO              ;                                             ;E.S. DA SILVA COMERCIO;SAO PAULO          ;SP;03/05/24  ;     ;01/01;
00000690031267015756795013;31501Thales ;007/072 ;RODAG-LOGIST                                           ;49      ;5756795 ;5756795 ;323     ;690031 267       ;1       ;13      ;C       ;FITA BORDA PP 28X0,7MM 4M GLACIAL            ;                                             ;NOVO CONCEITO AMBIENTE;SAO PAULO          ;SP;03/05/24  ;     ;01/01;
00000690031267015771982014;6078 JULIO  ;003/042 ;CRISTOFOLI                                             ;49      ;5771982 ;5771982 ;331     ;690031 267       ;1       ;14      ;N       ;FITA BORDA PP 28X0,7MM 4M GLACIAL            ;                                             ;DALMOLIN & ZANCHETTA L;GUARAPUAVA         ;PR;03/05/24  ;     ;01/01;
00000690031266015770727015;487-GIOVA-CZ;088/111 ;TRANSTUTTI                                             ;49      ;5770727 ;5770727 ;330     ;690031 266       ;1       ;15      ;A       ;FITA BORDA PP 28X0,7MM 4M LOURO FREIJO       ;                                             ;DLM COMERCIO DE MOVEIS;PORTO ALEGRE       ;RS;03/05/24  ;     ;01/01;
00000690031266015767842016;57001LiliBuf;003/033 ;MERICA                                                 ;49      ;5767842 ;5767842 ;326     ;690031 266       ;1       ;16      ;D       ;FITA BORDA PP 28X0,7MM 4M LOURO FREIJO       ;                                             ;CRONUS COMERCIO DE MOV;NITEROI            ;RJ;03/05/24  ;     ;01/01;
00000690031266015767842017;57001LiliBuf;004/033 ;MERICA                                                 ;49      ;5767842 ;5767842 ;326     ;690031 266       ;1       ;17      ;D       ;FITA BORDA PP 28X0,7MM 4M LOURO FREIJO       ;                                             ;CRONUS COMERCIO DE MOV;NITEROI            ;RJ;03/05/24  ;     ;01/01;
00000690031266015769063018;ARIA/COZINHA;002/137 ;RASADOR                                                ;49      ;5769063 ;5769063 ;322     ;690031 266       ;1       ;18      ;G       ;FITA BORDA PP 28X0,7MM 4M LOURO FREIJO       ;                                             ;RB COMERCIO DE MOVEIS ;CAMPINAS           ;SP;03/05/24  ;     ;01/01;
00000690031266015769866019;FABIO.F_HOME;025/043 ;RASADOR                                                ;49      ;5769866 ;5769866 ;322     ;690031 266       ;1       ;19      ;G       ;FITA BORDA PP 28X0,7MM 4M LOURO FREIJO       ;                                             ;CKWW MOVEIS DESIGN LTD;SAO PAULO          ;SP;03/05/24  ;     ;01/01;
00000690031266015769980020;410243SHGABR;001/017 ;PAESE  R01                                             ;49      ;5769980 ;5769980 ;325     ;690031 266       ;1       ;20      ;J       ;FITA BORDA PP 28X0,7MM 4M LOURO FREIJO       ;                                             ;E.S. DA SILVA COMERCIO;SAO PAULO          ;SP;03/05/24  ;     ;01/01;
00000690031266015770805021;lucimara/coz;005/121 ;PAESE  R01                                             ;49      ;5770805 ;5770805 ;325     ;690031 266       ;1       ;21      ;J       ;FITA BORDA PP 28X0,7MM 4M LOURO FREIJO       ;                                             ;COZINHAS LUANA COMERCI;SAO PAULO          ;SP;03/05/24  ;     ;01/01;
00000690031266015771986022;6061 JULIO  ;031/185 ;CRISTOFOLI                                             ;49      ;5771986 ;5771986 ;331     ;690031 266       ;1       ;22      ;N       ;FITA BORDA PP 28X0,7MM 4M LOURO FREIJO       ;                                             ;DALMOLIN & ZANCHETTA L;GUARAPUAVA         ;PR;03/05/24  ;     ;01/01;
00000690031266015771986023;6061 JULIO  ;032/185 ;CRISTOFOLI                                             ;49      ;5771986 ;5771986 ;331     ;690031 266       ;1       ;23      ;N       ;FITA BORDA PP 28X0,7MM 4M LOURO FREIJO       ;                                             ;DALMOLIN & ZANCHETTA L;GUARAPUAVA         ;PR;03/05/24  ;     ;01/01;
00000690031265015769544024;EVELYN.DORMI;077/097 ;RASADOR PR                                             ;49      ;5769544 ;5769544 ;332     ;690031 265       ;1       ;24      ;E       ;FITA BORDA PP 28X0,7MM 4M NOMADE             ;                                             ;DG COMERCIO DE MOVEIS ;CRICIUMA           ;SC;03/05/24  ;     ;01/01;
00000690031265015769514025;RICARDO_MESA;004/010 ;RASADOR                                                ;49      ;5769514 ;5769514 ;322     ;690031 265       ;1       ;25      ;G       ;FITA BORDA PP 28X0,7MM 4M NOMADE             ;                                             ;CKWW MOVEIS DESIGN LTD;SAO PAULO          ;SP;03/05/24  ;     ;01/01;
00000690031556015756795026;31501Thales ;005/072 ;RODAG-LOGIST                                           ;49      ;5756795 ;5756795 ;323     ;690031 556       ;1       ;26      ;C       ;FITA BORDA PS 28X0,7MM 4M CAIRO              ;                                             ;NOVO CONCEITO AMBIENTE;SAO PAULO          ;SP;03/05/24  ;     ;01/01;
00000690031556015756795027;31501Thales ;006/072 ;RODAG-LOGIST                                           ;49      ;5756795 ;5756795 ;323     ;690031 556       ;1       ;27      ;C       ;FITA BORDA PS 28X0,7MM 4M CAIRO              ;                                             ;NOVO CONCEITO AMBIENTE;SAO PAULO          ;SP;03/05/24  ;     ;01/01;
00000690031556015763789028;Showroom com;001/006 ;PRATTICA LO                                            ;49      ;5763789 ;5763789 ;324     ;690031 556       ;1       ;28      ;P       ;FITA BORDA PS 28X0,7MM 4M CAIRO              ;                                             ;FAMA COMERCIO DE MOVEI;CONGONHAS          ;MG;03/05/24  ;     ;01/01;
00000690031591015761778029;ALINE-COMP  ;002/098 ;RODAG-LOGIST                                           ;49      ;5761778 ;5761778 ;323     ;690031 591       ;1       ;29      ;C       ;FITA BORDA PS 28X0,7MM 4M DAKAR              ;                                             ;R FELICIANO AGUIRRE PL;SANTO ANDRE        ;SP;03/05/24  ;     ;01/01;
00000069003195015770728030;487-GIO-BCMA;001/005 ;TRANSTUTTI                                             ;49      ;5770728 ;5770728 ;330     ;690031 95        ;1       ;30      ;A       ;FITA BORDA PP 28X0,7MM 4M BRANCO             ;                                             ;DLM COMERCIO DE MOVEIS;PORTO ALEGRE       ;RS;03/05/24  ;     ;01/01;
00000069003195015759911031;6606- DORMIT;003/047 ;RASADOR                                                ;49      ;5759911 ;5759911 ;322     ;690031 95        ;1       ;31      ;G       ;FITA BORDA PP 28X0,7MM 4M BRANCO             ;                                             ;LUGUI PROJETADOS LTDA ;OSASCO             ;SP;03/05/24  ;     ;01/01;
00000069003195015767079032;LISANDROWCFA;003/034 ;EXPRESSO LF                                            ;49      ;5767079 ;5767079 ;337     ;690031 95        ;1       ;32      ;Y       ;FITA BORDA PP 28X0,7MM 4M BRANCO             ;                                             ;LOJAS PERIN LTDA      ;BOA VISTA          ;RR;03/05/24  ;     ;01/01;
00000690031263015769865033;FABIO.F_COZ ;088/117 ;RASADOR                                                ;49      ;5769865 ;5769865 ;322     ;690031 263       ;1       ;33      ;G       ;FITA BORDA PS 28X0,7MM 4M CRONOS             ;                                             ;CKWW MOVEIS DESIGN LTD;SAO PAULO          ;SP;03/05/24  ;     ;01/01;
00000690031263015771982034;6078 JULIO  ;002/042 ;CRISTOFOLI                                             ;49      ;5771982 ;5771982 ;331     ;690031 263       ;1       ;34      ;N       ;FITA BORDA PS 28X0,7MM 4M CRONOS             ;                                             ;DALMOLIN & ZANCHETTA L;GUARAPUAVA         ;PR;03/05/24  ;     ;01/01;
00000690031262015769750035;626-SIM-CLMA;001/005 ;TRANSTUTTI                                             ;49      ;5769750 ;5769750 ;330     ;690031 262       ;1       ;35      ;A       ;FITA BORDA PS 28X0,7MM 4M NEBBIA             ;                                             ;DLM COMERCIO DE MOVEIS;PORTO ALEGRE       ;RS;03/05/24  ;     ;01/01;
00000690031262015770261036;5354-LUC-BSU;002/023 ;MERICA                                                 ;49      ;5770261 ;5770261 ;326     ;690031 262       ;1       ;36      ;D       ;FITA BORDA PS 28X0,7MM 4M NEBBIA             ;                                             ;IDEAL MOD COM DE MOV E;RIO DE JANEIRO     ;RJ;03/05/24  ;     ;01/01;
00000690031262015770277037;55432-1-ROSA;046/130 ;RASADOR                                                ;49      ;5770277 ;5770277 ;322     ;690031 262       ;1       ;37      ;G       ;FITA BORDA PS 28X0,7MM 4M NEBBIA             ;                                             ;OLIVEIRA CABRAL COMERC;TABOAO DA SERRA    ;SP;03/05/24  ;     ;01/01;
00000690031243015772182038;ASTC-RO-FLHA;013/013 ;CIVARDI                                                ;49      ;5772182 ;5772182 ;334     ;690031 243       ;1       ;38      ;X       ;FITA BORDA PS 28X0,7MM 4M PETRA              ;                                             ;SR INTERIORES LTDA    ;CUIABA             ;MT;03/05/24  ;     ;01/01;
00000690031228015768623039;0230COZCLARI;002/144 ;TRANSTUTTI                                             ;49      ;5768623 ;5768623 ;330     ;690031 228       ;1       ;39      ;A       ;FITA BORDA PS 28X0,7MM 4M SAVANA             ;                                             ;PLANO A COMERCIO DE MO;PORTO ALEGRE       ;RS;03/05/24  ;     ;01/01;
00000690030274015769689040;Jessicacozin;012/112 ;TRANSTUTTI                                             ;49      ;5769689 ;5769689 ;330     ;690030 274       ;1       ;40      ;A       ;FITA BORDA PS 17X0,7MM 4M DUST               ;                                             ;CASA PERIN COMERCIO DE;NOVO HAMBURGO      ;RS;03/05/24  ;     ;01/01;
00000690030274015761488041;OFC ESTEFANN;017/104 ;CTR LOG                                                ;49      ;5761488 ;5761488 ;338     ;690030 274       ;1       ;41      ;H       ;FITA BORDA PS 17X0,7MM 4M DUST               ;                                             ;CARMA DOMINICANA, S.R.;SANTO DOMINGO      ;EX;03/05/24  ;     ;01/01;
00000690030274015770234042;TANIA-BANHEI;001/034 ;PRATTICA LO                                            ;49      ;5770234 ;5770234 ;324     ;690030 274       ;1       ;42      ;P       ;FITA BORDA PS 17X0,7MM 4M DUST               ;                                             ;SAKAMOTO E AMANCIO  MO;GOIANIA            ;GO;03/05/24  ;     ;01/01;
00000690030273015761327043;1536AC      ;003/042 ;MERICA                                                 ;49      ;5761327 ;5761327 ;326     ;690030 273       ;1       ;43      ;D       ;FITA BORDA PS 17X0,7MM 4M HIMALAIA           ;                                             ;DERITA COMERCIO DE MOV;RIO DE JANEIRO     ;RJ;03/05/24  ;     ;01/01;
00000690030273015770201044;cz.aline    ;068/101 ;RASADOR PR                                             ;49      ;5770201 ;5770201 ;332     ;690030 273       ;1       ;44      ;E       ;FITA BORDA PS 17X0,7MM 4M HIMALAIA           ;                                             ;R BONATO AMBIENTES PLA;JARAGUA DO SUL     ;SC;03/05/24  ;     ;01/01;
00000690030273015761488045;OFC ESTEFANN;018/104 ;CTR LOG                                                ;49      ;5761488 ;5761488 ;338     ;690030 273       ;1       ;45      ;H       ;FITA BORDA PS 17X0,7MM 4M HIMALAIA           ;                                             ;CARMA DOMINICANA, S.R.;SANTO DOMINGO      ;EX;03/05/24  ;     ;01/01;
00000690030273015761488046;OFC ESTEFANN;019/104 ;CTR LOG                                                ;49      ;5761488 ;5761488 ;338     ;690030 273       ;1       ;46      ;H       ;FITA BORDA PS 17X0,7MM 4M HIMALAIA           ;                                             ;CARMA DOMINICANA, S.R.;SANTO DOMINGO      ;EX;03/05/24  ;     ;01/01;
00000690030273015761488047;OFC ESTEFANN;020/104 ;CTR LOG                                                ;49      ;5761488 ;5761488 ;338     ;690030 273       ;1       ;47      ;H       ;FITA BORDA PS 17X0,7MM 4M HIMALAIA           ;                                             ;CARMA DOMINICANA, S.R.;SANTO DOMINGO      ;EX;03/05/24  ;     ;01/01;
00000690030272015770114048;HOME        ;006/046 ;TRANSTUTTI                                             ;49      ;5770114 ;5770114 ;330     ;690030 272       ;1       ;48      ;A       ;FITA BORDA PS 17X0,7MM 4M NUBLE              ;                                             ;DORIS FATIMA ERTHAL LT;MONTENEGRO         ;RS;03/05/24  ;     ;01/01;
00000690030272015770114049;HOME        ;007/046 ;TRANSTUTTI                                             ;49      ;5770114 ;5770114 ;330     ;690030 272       ;1       ;49      ;A       ;FITA BORDA PS 17X0,7MM 4M NUBLE              ;                                             ;DORIS FATIMA ERTHAL LT;MONTENEGRO         ;RS;03/05/24  ;     ;01/01;
00000690030272015770119050;SU?E        ;013/108 ;TRANSTUTTI                                             ;49      ;5770119 ;5770119 ;330     ;690030 272       ;1       ;50      ;A       ;FITA BORDA PS 17X0,7MM 4M NUBLE              ;                                             ;DORIS FATIMA ERTHAL LT;MONTENEGRO         ;RS;03/05/24  ;     ;01/01;
00000690030272015770119051;SU?E        ;014/108 ;TRANSTUTTI                                             ;49      ;5770119 ;5770119 ;330     ;690030 272       ;1       ;51      ;A       ;FITA BORDA PS 17X0,7MM 4M NUBLE              ;                                             ;DORIS FATIMA ERTHAL LT;MONTENEGRO         ;RS;03/05/24  ;     ;01/01;
00000690030272015755253052;1117emerARSE;002/021 ;MERICA                                                 ;49      ;5755253 ;5755253 ;326     ;690030 272       ;1       ;52      ;D       ;FITA BORDA PS 17X0,7MM 4M NUBLE              ;                                             ;CAHU MOVEIS LTDA      ;NITEROI            ;RJ;03/05/24  ;     ;01/01;
00000690030272015757267053;5880AB      ;066/121 ;MERICA                                                 ;49      ;5757267 ;5757267 ;326     ;690030 272       ;1       ;53      ;D       ;FITA BORDA PS 17X0,7MM 4M NUBLE              ;                                             ;CR3 COMERCIO DE MOVEIS;RIO DE JANEIRO     ;RJ;03/05/24  ;     ;01/01;
00000690030272015768643054;509668JULCZ ;003/066 ;PAESE  R01                                             ;49      ;5768643 ;5768643 ;325     ;690030 272       ;1       ;54      ;J       ;FITA BORDA PS 17X0,7MM 4M NUBLE              ;                                             ;E.F. MONTEIRO COMERCIO;SAO PAULO          ;SP;03/05/24  ;     ;01/01;
00000690030272015768872055;JULIANA/COZI;087/126 ;PAESE  R01                                             ;49      ;5768872 ;5768872 ;325     ;690030 272       ;1       ;55      ;J       ;FITA BORDA PS 17X0,7MM 4M NUBLE              ;                                             ;COZINHAS LUANA COMERCI;SAO PAULO          ;SP;03/05/24  ;     ;01/01;
00000690030272015759542056;RICARDOVAR  ;022/032 ;PAESE LOGIST                                           ;49      ;5759542 ;5759542 ;327     ;690030 272       ;1       ;56      ;M       ;FITA BORDA PS 17X0,7MM 4M NUBLE              ;                                             ;AHMID ABDO RAUF ABDUNI;SAO PAULO          ;SP;03/05/24  ;     ;01/01;
00000690030272015767070057;LISANDROWCCA;038/042 ;EXPRESSO LF                                            ;49      ;5767070 ;5767070 ;337     ;690030 272       ;1       ;57      ;Y       ;FITA BORDA PS 17X0,7MM 4M NUBLE              ;                                             ;LOJAS PERIN LTDA      ;BOA VISTA          ;RR;03/05/24  ;     ;01/01;
00000690030272015767079058;LISANDROWCFA;030/034 ;EXPRESSO LF                                            ;49      ;5767079 ;5767079 ;337     ;690030 272       ;1       ;58      ;Y       ;FITA BORDA PS 17X0,7MM 4M NUBLE              ;                                             ;LOJAS PERIN LTDA      ;BOA VISTA          ;RR;03/05/24  ;     ;01/01;
00000690030271015771219059;5819AA-REC  ;001/005 ;MERICA                                                 ;49      ;5771219 ;5771219 ;326     ;690030 271       ;1       ;59      ;D       ;FITA BORDA PS 17X0,7MM 4M ABISSAL            ;                                             ;CR3 COMERCIO DE MOVEIS;RIO DE JANEIRO     ;RJ;03/05/24  ;     ;01/01;
00000690030271015762174060;54008PerQuar;007/034 ;MERICA                                                 ;49      ;5762174 ;5762174 ;326     ;690030 271       ;1       ;60      ;D       ;FITA BORDA PS 17X0,7MM 4M ABISSAL            ;                                             ;CRONUS COMERCIO DE MOV;NITEROI            ;RJ;03/05/24  ;     ;01/01;
00000690030270015761887061;HELCIO      ;034/049 ;RASADOR PR                                             ;49      ;5761887 ;5761887 ;332     ;690030 270       ;1       ;61      ;E       ;FITA BORDA PS 17X0,7MM 4M URBE               ;                                             ;SOGNARE AMBIENTES PLAN;ITAPEMA            ;SC;03/05/24  ;     ;01/01;
00000690030270015767076062;LISANDROWCFO;038/042 ;EXPRESSO LF                                            ;49      ;5767076 ;5767076 ;337     ;690030 270       ;1       ;62      ;Y       ;FITA BORDA PS 17X0,7MM 4M URBE               ;                                             ;LOJAS PERIN LTDA      ;BOA VISTA          ;RR;03/05/24  ;     ;01/01;
00000690030269015769781063;Cintia coz  ;012/069 ;DUMAR                                                  ;49      ;5769781 ;5769781 ;321     ;690030 269       ;1       ;63      ;B       ;FITA BORDA PS 17X0,7MM 4M NIMBO              ;                                             ;MOURAD & CIA MOVEIS LT;PRAIA GRANDE       ;SP;03/05/24  ;     ;01/01;
00000690030269015772064064;COZINHA     ;005/047 ;RASADOR                                                ;49      ;5772064 ;5772064 ;322     ;690030 269       ;1       ;64      ;G       ;FITA BORDA PS 17X0,7MM 4M NIMBO              ;                                             ;CAPPELLANI AMBIENTES P;OSASCO             ;SP;03/05/24  ;     ;01/01;
00000690030267015761973065;REGINALDOCOZ;097/142 ;RODAG-LOGIST                                           ;49      ;5761973 ;5761973 ;323     ;690030 267       ;1       ;65      ;C       ;FITA BORDA PS 17X0,7MM 4M GLACIAL            ;                                             ;C A DE SOUZA PLANEJADO;SAO PAULO          ;SP;03/05/24  ;     ;01/01;
00000690030267015761093066;35901D casal;006/070 ;RODAG-LOGIST                                           ;49      ;5761093 ;5761093 ;323     ;690030 267       ;1       ;66      ;C       ;FITA BORDA PS 17X0,7MM 4M GLACIAL            ;                                             ;NOVO CONCEITO AMBIENTE;SAO PAULO          ;SP;03/05/24  ;     ;01/01;
00000690030267015768968067;508530JENCZ ;003/031 ;PAESE  R01                                             ;49      ;5768968 ;5768968 ;325     ;690030 267       ;1       ;67      ;J       ;FITA BORDA PS 17X0,7MM 4M GLACIAL            ;                                             ;E.F. MONTEIRO COMERCIO;SAO PAULO          ;SP;03/05/24  ;     ;01/01;
00000690030266015770471068;CRISTIANI-CZ;013/101 ;RASADOR PR                                             ;49      ;5770471 ;5770471 ;332     ;690030 266       ;1       ;68      ;E       ;FITA BORDA PS 17X0,7MM 4M LOURO FREIJO       ;                                             ;IVANEO HILLESHEIM JP C;PALHOCA            ;SC;03/05/24  ;     ;01/01;
00000690030266015770767069;cz.natali   ;015/164 ;RASADOR PR                                             ;49      ;5770767 ;5770767 ;332     ;690030 266       ;1       ;69      ;E       ;FITA BORDA PS 17X0,7MM 4M LOURO FREIJO       ;                                             ;R BONATO AMBIENTES PLA;JARAGUA DO SUL     ;SC;03/05/24  ;     ;01/01;
00000690030266015769866070;FABIO.F_HOME;024/043 ;RASADOR                                                ;49      ;5769866 ;5769866 ;322     ;690030 266       ;1       ;70      ;G       ;FITA BORDA PS 17X0,7MM 4M LOURO FREIJO       ;                                             ;CKWW MOVEIS DESIGN LTD;SAO PAULO          ;SP;03/05/24  ;     ;01/01;
00000690030266015758475071;ADRIANA/SALA;001/032 ;PAESE LOGIST                                           ;49      ;5758475 ;5758475 ;327     ;690030 266       ;1       ;71      ;M       ;FITA BORDA PS 17X0,7MM 4M LOURO FREIJO       ;                                             ;R & S MOVEIS PLANEJADO;SAO PAULO          ;SP;03/05/24  ;     ;01/01;
00000690030266015760054072;ANA/COZ     ;004/117 ;PAESE LOGIST                                           ;49      ;5760054 ;5760054 ;327     ;690030 266       ;1       ;72      ;M       ;FITA BORDA PS 17X0,7MM 4M LOURO FREIJO       ;                                             ;R & S MOVEIS PLANEJADO;SAO PAULO          ;SP;03/05/24  ;     ;01/01;
00000690030265015770908073;LIZANDRA-SOL;012/060 ;RASADOR PR                                             ;49      ;5770908 ;5770908 ;332     ;690030 265       ;1       ;73      ;E       ;FITA BORDA PS 17X0,7MM 4M NOMADE             ;                                             ;HILLESHEIM MOVEIS PLAN;PALHOCA            ;SC;03/05/24  ;     ;01/01;
00000690030265015771885074;1046-BANHEIR;002/025 ;PAESE LOGIST                                           ;49      ;5771885 ;5771885 ;327     ;690030 265       ;1       ;74      ;M       ;FITA BORDA PS 17X0,7MM 4M NOMADE             ;                                             ;RZ COMERCIO DE MOVEIS ;SANTO ANDRE        ;SP;03/05/24  ;     ;01/01;
00000690004749015771912075;MICHELEASTEC;001/003 ;RODAG-LOGIST                                           ;49      ;5771912 ;5771912 ;323     ;690004 749       ;1       ;75      ;C       ;FITA BORDA PS 21X0,7MM 25M CARIBE            ;                                             ;R FELICIANO AGUIRRE PL;SANTO ANDRE        ;SP;03/05/24  ;     ;01/01;
00000690030749015769950076;511568FRACZ ;003/043 ;PAESE  R01                                             ;49      ;5769950 ;5769950 ;325     ;690030 749       ;1       ;76      ;J       ;FITA BORDA PS 17X0,7MM 4M CARIBE             ;                                             ;E.F. MONTEIRO COMERCIO;SAO PAULO          ;SP;03/05/24  ;     ;01/01;
00000690030556015756795077;31501Thales ;002/072 ;RODAG-LOGIST                                           ;49      ;5756795 ;5756795 ;323     ;690030 556       ;1       ;77      ;C       ;FITA BORDA PS 17X0,7MM 4M CAIRO              ;                                             ;NOVO CONCEITO AMBIENTE;SAO PAULO          ;SP;03/05/24  ;     ;01/01;
00000690030556015756795078;31501Thales ;003/072 ;RODAG-LOGIST                                           ;49      ;5756795 ;5756795 ;323     ;690030 556       ;1       ;78      ;C       ;FITA BORDA PS 17X0,7MM 4M CAIRO              ;                                             ;NOVO CONCEITO AMBIENTE;SAO PAULO          ;SP;03/05/24  ;     ;01/01;
00000690030591015770114079;HOME        ;004/046 ;TRANSTUTTI                                             ;49      ;5770114 ;5770114 ;330     ;690030 591       ;1       ;79      ;A       ;FITA BORDA PS 17X0,7MM 4M DAKAR              ;                                             ;DORIS FATIMA ERTHAL LT;MONTENEGRO         ;RS;03/05/24  ;     ;01/01;
00000690030591015770114080;HOME        ;005/046 ;TRANSTUTTI                                             ;49      ;5770114 ;5770114 ;330     ;690030 591       ;1       ;80      ;A       ;FITA BORDA PS 17X0,7MM 4M DAKAR              ;                                             ;DORIS FATIMA ERTHAL LT;MONTENEGRO         ;RS;03/05/24  ;     ;01/01;
00000690030591015770347081;LETICIA-COZI;009/107 ;CRISTOFOLI                                             ;49      ;5770347 ;5770347 ;331     ;690030 591       ;1       ;81      ;N       ;FITA BORDA PS 17X0,7MM 4M DAKAR              ;                                             ;ARQDECOR ARQUITETURA E;CAXIAS DO SUL      ;RS;03/05/24  ;     ;01/01;
00000690030591015769286082;LUC/QUARTO  ;011/043 ;RAVANELLO                                              ;49      ;5769286 ;5769286 ;333     ;690030 591       ;1       ;82      ;S       ;FITA BORDA PS 17X0,7MM 4M DAKAR              ;                                             ;J P ARAKAKI LTDA ME   ;CUIABA             ;MT;03/05/24  ;     ;01/01;
00000069003095015771581083;JOSEBHSUITE ;038/041 ;TRANSTUTTI                                             ;49      ;5771581 ;5771581 ;330     ;690030 95        ;1       ;83      ;A       ;FITA BORDA PP 17X0,7MM 4M BRANCO             ;                                             ;PESAMOSCA COMERCIO DE ;SAO LEOPOLDO       ;RS;03/05/24  ;     ;01/01;
00000069003095015762749084;JEF/WC      ;004/045 ;RODAG-LOGIST                                           ;49      ;5762749 ;5762749 ;323     ;690030 95        ;1       ;84      ;C       ;FITA BORDA PP 17X0,7MM 4M BRANCO             ;                                             ;DECORA INTERIORES LTDA;SAO PAULO          ;SP;03/05/24  ;     ;01/01;
00000069003095015763943085;ARTHSRECEP? ;003/054 ;RODAG-LOGIST                                           ;49      ;5763943 ;5763943 ;323     ;690030 95        ;1       ;85      ;C       ;FITA BORDA PP 17X0,7MM 4M BRANCO             ;                                             ;AKAGI DESIGN LTDA EPP ;SAO PAULO          ;SP;03/05/24  ;     ;01/01;
00000069003095015770565086;ASTECA      ;001/009 ;MERICA                                                 ;49      ;5770565 ;5770565 ;326     ;690030 95        ;1       ;86      ;D       ;FITA BORDA PP 17X0,7MM 4M BRANCO             ;                                             ;CR3 COMERCIO DE MOVEIS;RIO DE JANEIRO     ;RJ;03/05/24  ;     ;01/01;
00000069003095015771630087;MariaCozinha;017/118 ;RASADOR PR                                             ;49      ;5771630 ;5771630 ;332     ;690030 95        ;1       ;87      ;E       ;FITA BORDA PP 17X0,7MM 4M BRANCO             ;                                             ;RICKLI MOVEIS PLANEJAD;CURITIBA           ;PR;03/05/24  ;     ;01/01;
00000069003095015772064088;COZINHA     ;006/047 ;RASADOR                                                ;49      ;5772064 ;5772064 ;322     ;690030 95        ;1       ;88      ;G       ;FITA BORDA PP 17X0,7MM 4M BRANCO             ;                                             ;CAPPELLANI AMBIENTES P;OSASCO             ;SP;03/05/24  ;     ;01/01;
00000069003095015770896089;WEDER-COZ   ;116/122 ;BENTO BR                                               ;49      ;5770896 ;5770896 ;328     ;690030 95        ;1       ;89      ;L       ;FITA BORDA PP 17X0,7MM 4M BRANCO             ;                                             ;SONHARE COMERCIO DE MO;BELEM              ;PA;03/05/24  ;     ;01/01;
00000069003095015763848090;ANDR-BANHEIR;032/036 ;RAVANELLO                                              ;49      ;5763848 ;5763848 ;333     ;690030 95        ;1       ;90      ;S       ;FITA BORDA PP 17X0,7MM 4M BRANCO             ;                                             ;SEMMPRE MOVEIS PLANEJA;LUCAS DO RIO VERDE ;MT;03/05/24  ;     ;01/01;
00000069003095015769286091;LUC/QUARTO  ;010/043 ;RAVANELLO                                              ;49      ;5769286 ;5769286 ;333     ;690030 95        ;1       ;91      ;S       ;FITA BORDA PP 17X0,7MM 4M BRANCO             ;                                             ;J P ARAKAKI LTDA ME   ;CUIABA             ;MT;03/05/24  ;     ;01/01;
00000690030263015769865092;FABIO.F_COZ ;087/117 ;RASADOR                                                ;49      ;5769865 ;5769865 ;322     ;690030 263       ;1       ;92      ;G       ;FITA BORDA PS 17X0,7MM 4M CRONOS             ;                                             ;CKWW MOVEIS DESIGN LTD;SAO PAULO          ;SP;03/05/24  ;     ;01/01;
00000690030262015763528093;Gilda/Wc    ;002/019 ;RODAG-LOGIST                                           ;49      ;5763528 ;5763528 ;323     ;690030 262       ;1       ;93      ;C       ;FITA BORDA PS 17X0,7MM 4M NEBBIA             ;                                             ;EDSON FARIA FOGAROLI M;SAO PAULO          ;SP;03/05/24  ;     ;01/01;
00000690030262015761733094;0537CZPAULOW;001/032 ;RODAG-LOGIST                                           ;49      ;5761733 ;5761733 ;323     ;690030 262       ;1       ;94      ;C       ;FITA BORDA PS 17X0,7MM 4M NEBBIA             ;                                             ;FG PLUS DESIGN LTDA   ;SAO PAULO          ;SP;03/05/24  ;     ;01/01;
00000690030262015768404095;513102DSLUC ;004/087 ;PAESE  R01                                             ;49      ;5768404 ;5768404 ;325     ;690030 262       ;1       ;95      ;J       ;FITA BORDA PS 17X0,7MM 4M NEBBIA             ;                                             ;E.F. MONTEIRO COMERCIO;SAO PAULO          ;SP;03/05/24  ;     ;01/01;
00000690030262015760054096;ANA/COZ     ;005/117 ;PAESE LOGIST                                           ;49      ;5760054 ;5760054 ;327     ;690030 262       ;1       ;96      ;M       ;FITA BORDA PS 17X0,7MM 4M NEBBIA             ;                                             ;R & S MOVEIS PLANEJADO;SAO PAULO          ;SP;03/05/24  ;     ;01/01;
00000690030228015771281097;LETICIAESPGO;003/070 ;RASADOR                                                ;49      ;5771281 ;5771281 ;322     ;690030 228       ;1       ;97      ;G       ;FITA BORDA PS 17X0,7MM 4M SAVANA             ;                                             ;ZIAD HUSSEIN ABDOUNI  ;GUARULHOS          ;SP;03/05/24  ;     ;01/01;
00000690030228015769097098;Lui Dor     ;006/133 ;CRISTOFOLI                                             ;49      ;5769097 ;5769097 ;331     ;690030 228       ;1       ;98      ;N       ;FITA BORDA PS 17X0,7MM 4M SAVANA             ;                                             ;RAZEMA COMERCIO DE MOV;CAXIAS DO SUL      ;RS;03/05/24  ;     ;01/01;
00000690030228015761489099;TRANSCIENDE-;012/111 ;MAFFEI                                                 ;49      ;5761489 ;5761489 ;339     ;690030 228       ;1       ;99      ;U       ;FITA BORDA PS 17X0,7MM 4M SAVANA             ;                                             ;CARMA DOMINICANA, S.R.;SANTO DOMINGO      ;EX;03/05/24  ;     ;01/01;
00000690030228015761489100;TRANSCIENDE-;013/111 ;MAFFEI                                                 ;49      ;5761489 ;5761489 ;339     ;690030 228       ;1       ;100     ;U       ;FITA BORDA PS 17X0,7MM 4M SAVANA             ;                                             ;CARMA DOMINICANA, S.R.;SANTO DOMINGO      ;EX;03/05/24  ;     ;01/01;
00000690030222015762059101;LUCIANEADEGA;016/044 ;RODAG-LOGIST                                           ;49      ;5762059 ;5762059 ;323     ;690030 222       ;1       ;101     ;C       ;FITA BORDA PS 17X0,7MM 4M PRETO              ;                                             ;ZACARIAS GARCIA DOS SA;SAO PAULO          ;SP;03/05/24  ;     ;01/01;
00000690030222015761489102;TRANSCIENDE-;007/111 ;MAFFEI                                                 ;49      ;5761489 ;5761489 ;339     ;690030 222       ;1       ;102     ;U       ;FITA BORDA PS 17X0,7MM 4M PRETO              ;                                             ;CARMA DOMINICANA, S.R.;SANTO DOMINGO      ;EX;03/05/24  ;     ;01/01;
00000690030222015761489103;TRANSCIENDE-;008/111 ;MAFFEI                                                 ;49      ;5761489 ;5761489 ;339     ;690030 222       ;1       ;103     ;U       ;FITA BORDA PS 17X0,7MM 4M PRETO              ;                                             ;CARMA DOMINICANA, S.R.;SANTO DOMINGO      ;EX;03/05/24  ;     ;01/01;
00000690030222015761489104;TRANSCIENDE-;009/111 ;MAFFEI                                                 ;49      ;5761489 ;5761489 ;339     ;690030 222       ;1       ;104     ;U       ;FITA BORDA PS 17X0,7MM 4M PRETO              ;                                             ;CARMA DOMINICANA, S.R.;SANTO DOMINGO      ;EX;03/05/24  ;     ;01/01;
00000690030222015761489105;TRANSCIENDE-;010/111 ;MAFFEI                                                 ;49      ;5761489 ;5761489 ;339     ;690030 222       ;1       ;105     ;U       ;FITA BORDA PS 17X0,7MM 4M PRETO              ;                                             ;CARMA DOMINICANA, S.R.;SANTO DOMINGO      ;EX;03/05/24  ;     ;01/01;
00000690030222015761489106;TRANSCIENDE-;011/111 ;MAFFEI                                                 ;49      ;5761489 ;5761489 ;339     ;690030 222       ;1       ;106     ;U       ;FITA BORDA PS 17X0,7MM 4M PRETO              ;                                             ;CARMA DOMINICANA, S.R.;SANTO DOMINGO      ;EX;03/05/24  ;     ;01/01;
